{
  "Chikenpox": {
    "precision": 0.8913043478260869,
    "recall": 0.8118811881188119,
    "f1-score": 0.8497409326424871,
    "support": 101.0
  },
  "Cowpox": {
    "precision": 0.9438202247191011,
    "recall": 0.9767441860465116,
    "f1-score": 0.96,
    "support": 86.0
  },
  "Measles": {
    "precision": 0.9433962264150944,
    "recall": 0.9433962264150944,
    "f1-score": 0.9433962264150944,
    "support": 106.0
  },
  "MonkeyPox": {
    "precision": 0.8636363636363636,
    "recall": 0.8878504672897196,
    "f1-score": 0.8755760368663594,
    "support": 107.0
  },
  "Normal": {
    "precision": 0.944,
    "recall": 0.9672131147540983,
    "f1-score": 0.9554655870445344,
    "support": 122.0
  },
  "accuracy": 0.9176245210727969,
  "macro avg": {
    "precision": 0.9172314325193291,
    "recall": 0.9174170365248472,
    "f1-score": 0.9168357565936949,
    "support": 522.0
  },
  "weighted avg": {
    "precision": 0.9171788685160314,
    "recall": 0.9176245210727969,
    "f1-score": 0.9169296393889366,
    "support": 522.0
  }
}