{
  "Chikenpox": {
    "precision": 0.8148148148148148,
    "recall": 0.8712871287128713,
    "f1-score": 0.8421052631578947,
    "support": 101.0
  },
  "Cowpox": {
    "precision": 1.0,
    "recall": 0.9534883720930233,
    "f1-score": 0.9761904761904762,
    "support": 86.0
  },
  "Measles": {
    "precision": 0.9369369369369369,
    "recall": 0.9811320754716981,
    "f1-score": 0.9585253456221198,
    "support": 106.0
  },
  "MonkeyPox": {
    "precision": 0.9207920792079208,
    "recall": 0.8691588785046729,
    "f1-score": 0.8942307692307693,
    "support": 107.0
  },
  "Normal": {
    "precision": 0.9833333333333333,
    "recall": 0.9672131147540983,
    "f1-score": 0.9752066115702479,
    "support": 122.0
  },
  "accuracy": 0.9291187739463601,
  "macro avg": {
    "precision": 0.9311754328586013,
    "recall": 0.9284559139072727,
    "f1-score": 0.9292516931543016,
    "support": 522.0
  },
  "weighted avg": {
    "precision": 0.9312318596810839,
    "recall": 0.9291187739463601,
    "f1-score": 0.9296294982500681,
    "support": 522.0
  }
}