{
  "Chikenpox": {
    "precision": 0.8787878787878788,
    "recall": 0.8613861386138614,
    "f1-score": 0.87,
    "support": 101.0
  },
  "Cowpox": {
    "precision": 0.9761904761904762,
    "recall": 0.9534883720930233,
    "f1-score": 0.9647058823529412,
    "support": 86.0
  },
  "Measles": {
    "precision": 0.9902912621359223,
    "recall": 0.9622641509433962,
    "f1-score": 0.9760765550239234,
    "support": 106.0
  },
  "MonkeyPox": {
    "precision": 0.908256880733945,
    "recall": 0.9252336448598131,
    "f1-score": 0.9166666666666666,
    "support": 107.0
  },
  "Normal": {
    "precision": 0.937007874015748,
    "recall": 0.9754098360655737,
    "f1-score": 0.9558232931726908,
    "support": 122.0
  },
  "accuracy": 0.9367816091954023,
  "macro avg": {
    "precision": 0.938106874372794,
    "recall": 0.9355564285151337,
    "f1-score": 0.9366544794432444,
    "support": 522.0
  },
  "weighted avg": {
    "precision": 0.9371250524230227,
    "recall": 0.9367816091954023,
    "f1-score": 0.9367674249335066,
    "support": 522.0
  }
}