{
  "Chikenpox": {
    "precision": 0.8425925925925926,
    "recall": 0.900990099009901,
    "f1-score": 0.8708133971291866,
    "support": 101.0
  },
  "Cowpox": {
    "precision": 0.9880952380952381,
    "recall": 0.9651162790697675,
    "f1-score": 0.9764705882352941,
    "support": 86.0
  },
  "Measles": {
    "precision": 0.9626168224299065,
    "recall": 0.9716981132075472,
    "f1-score": 0.9671361502347418,
    "support": 106.0
  },
  "MonkeyPox": {
    "precision": 0.9411764705882353,
    "recall": 0.897196261682243,
    "f1-score": 0.9186602870813397,
    "support": 107.0
  },
  "Normal": {
    "precision": 0.9752066115702479,
    "recall": 0.9672131147540983,
    "f1-score": 0.9711934156378601,
    "support": 122.0
  },
  "accuracy": 0.9406130268199234,
  "macro avg": {
    "precision": 0.941937547055244,
    "recall": 0.9404427735447115,
    "f1-score": 0.9408547676636845,
    "support": 522.0
  },
  "weighted avg": {
    "precision": 0.9421389166094325,
    "recall": 0.9406130268199234,
    "f1-score": 0.9410484732733488,
    "support": 522.0
  }
}