{
  "MobileNetV2": {
    "0": 0.97723477810964,
    "1": 0.9881053979091102,
    "2": 0.9970745645863572,
    "3": 0.9791690124985926,
    "4": 0.9979098360655737,
    "micro": 0.9896016830346002,
    "macro": 0.9884966559729428
  },
  "EfficientNetB0": {
    "0": 0.9713553303073775,
    "1": 0.9926925538724131,
    "2": 0.9974374092888244,
    "3": 0.9787636527418083,
    "4": 0.9979918032786884,
    "micro": 0.9896636132763758,
    "macro": 0.9881594654051733
  },
  "EfficientNetB1": {
    "0": 0.9731662002304743,
    "1": 0.9938926818860677,
    "2": 0.9976074927431058,
    "3": 0.9825582704650377,
    "4": 0.9965163934426229,
    "micro": 0.9902411701237503,
    "macro": 0.9891546974908956
  },
  "Ensemble": {
    "0": 0.9821029608899132,
    "1": 0.9900522722423726,
    "2": 0.999024854862119,
    "3": 0.9851593289044027,
    "4": 0.9990163934426229,
    "micro": 0.9930151862127684,
    "macro": 0.9915610584448716
  }
}